1,1485,"10 Tech Gadgets You NEED in 2024"
2,2347,"Cooking ASMR: Homemade Pizza Tutorial"
3,876,"Minecraft Speedrun Highlights #42"
4,3021,"Beginner's Guide to Quantum Computing"
5,420,"Reacting to Viral TikTok Challenges"
6,1578,"Full Workout Routine for Muscle Growth"
7,999,"Unboxing $5000 Gaming Laptop"
8,2456,"Learn Python in 1 Hour - Crash Course"
9,678,"24 Hours Survival Challenge in Forest"
10,1890,"Top 10 Movie Plot Twists of All Time"
11,354,"DIY Home Organization Hacks"
12,2765,"Street Food Tour in Bangkok Night Market"
13,432,"Make $100/Day Online - No Experience"
14,1984,"Car Restoration: 1969 Mustang Build"
15,765,"Playing VR Horror Games at 3AM"
16,3210,"Complete History of Ancient Rome"
17,543,"Testing Viral Life Hacks from TikTok"
18,1287,"Building a Custom Watercooled PC"
19,876,"10-minute Morning Yoga Routine"
20,2345,"Abandoned Mansion Exploration Documentary"
21,654,"Trying Every Starbucks Secret Menu"
22,1789,"Machine Learning Fundamentals Tutorial"
23,987,"Extreme Budget Meal Prep Challenge"
24,3456,"World's Most Dangerous Hiking Trails"
25,432,"24 Hour Overnight Fishing Challenge"
26,2134,"Photography Composition Masterclass"
27,765,"I Bought Mystery Amazon Returns"
28,1543,"Ancient Aliens: New Evidence Found?"
29,876,"ASMR Keyboard Sounds for Sleep"
30,2345,"Building Dream House in The Sims 4"
31,654,"Trying Gordon Ramsay's Recipes"
32,1890,"SpaceX Starship Launch Analysis"
33,987,"24 Hour Subway Surfers Challenge"
34,2765,"True Crime Documentary: Cold Case Files"
35,543,"Testing 10 Viral TikTok Products"
36,1287,"Learn JavaScript Basics in 2 Hours"
37,876,"Extreme Minimalist Lifestyle Challenge"
38,2345,"Hidden Features of iPhone 15 Pro"
39,654,"Eating Only Gas Station Food for 24h"
40,1987,"Complete Guide to Astrophotography"
41,876,"Reacting to My Old YouTube Videos"
42,3456,"Documentary: Life in North Korea"
43,543,"Trying World's Hottest Pepper Challenge"
44,1287,"Build Your First Robot - Tutorial"
45,987,"24 Hour Minecraft Hardcore Survival"
46,2345,"History of Nintendo - Full Documentary"
47,654,"Testing 5 Minute Craft Life Hacks"
48,1789,"Learn Calculus in 1 Video"
49,876,"Extreme Budget Grocery Challenge"
50,3210,"Complete Python Programming Course"
51,543,"Opening 100 Mystery Pokemon Packs"
52,1890,"Artificial Intelligence Explained Simply"
53,987,"Living Without Phone for 7 Days"
54,2345,"Ancient Egypt: Lost Technologies"
55,654,"Eating Like Medieval King for Day"
56,1287,"Stock Market Investing for Beginners"
57,876,"Trying Every Fast Food Burger"
58,2765,"Complete History of Video Games"
59,543,"24 Hour LEGO Building Challenge"
60,1987,"Photographing Northern Lights Guide"
61,876,"Testing Military MRE Taste Test"
62,2345,"Web Development Full Course 2024"
63,654,"$1 vs $1000 Hotel Room Challenge"
64,1287,"Complete Guide to Video Editing"
65,987,"Finding Urban Legends in My City"
66,3456,"Mariana Trench: Mysteries Revealed"
67,543,"Eating Only Blue Food for 24h"
68,1789,"Neuroscience of Productivity"
69,876,"Building Underground Survival Bunker"
70,2345,"Complete History of Rock Music"
71,654,"Testing Amazon's Weirdest Products"
72,1987,"Learn Graphic Design Fundamentals"
73,987,"24 Hour GTA 5 Police Chase"
74,2765,"Documentary: Life on Alcatraz"
75,543,"World's Largest Slime Collection"
76,1287,"Python Data Science Tutorial"
77,876,"Eating Like Olympic Athlete"
78,2345,"Secrets of Hollywood Special Effects"
79,654,"$1 vs $1000 Gaming Chair Challenge"
80,1890,"Complete Guide to Digital Marketing"
81,987,"Exploring Abandoned Theme Park"
82,3456,"History of the Internet Documentary"
83,543,"Testing 10 Viral Fitness Products"
84,1287,"Learn Piano in 1 Hour"
85,876,"24 Hour Drone Flying Challenge"
86,2345,"Mysteries of Bermuda Triangle"
87,654,"Eating Only Airport Food for 24h"
88,1987,"Complete Public Speaking Course"
89,987,"Building World's Largest Cardboard City"
90,2765,"Documentary: Life in Antarctica"
91,543,"Testing 100 Year Old Food"
92,1287,"C++ Programming Tutorial"
93,876,"Extreme No-Sleep Challenge"
94,2345,"Secrets of CIA Spy Gadgets"
95,654,"$1 vs $1000 Sushi Challenge"
96,1890,"Complete Photography Masterclass"
97,987,"Searching for Bigfoot in Forest"
98,3456,"History of Artificial Intelligence"
99,543,"Testing TikTok Beauty Hacks"
100,2345,"Complete Guide to Ethical Hacking"